{"nm":"Loading #18","ddd":0,"h":800,"w":800,"meta":{"g":"LottieFiles AE 1.0.0","tc":"#ffffff"},"layers":[{"ty":0,"nm":"Line 5","sr":1,"st":25,"op":80,"ip":25,"hd":false,"ddd":0,"bm":0,"hasMask":false,"ao":0,"ks":{"a":{"a":0,"k":[400,400,0],"ix":1},"s":{"a":0,"k":[100,100,100],"ix":6},"sk":{"a":0,"k":0},"p":{"a":0,"k":[540,400,0],"ix":2},"r":{"a":0,"k":0,"ix":10},"sa":{"a":0,"k":0},"o":{"a":0,"k":100,"ix":11}},"ef":[],"w":800,"h":800,"refId":"comp_0","ind":1,"parent":3},{"ty":0,"nm":"Line 4","sr":1,"st":22,"op":77,"ip":22,"hd":false,"ddd":0,"bm":0,"hasMask":false,"ao":0,"ks":{"a":{"a":0,"k":[400,400,0],"ix":1},"s":{"a":0,"k":[100,100,100],"ix":6},"sk":{"a":0,"k":0},"p":{"a":0,"k":[470,400,0],"ix":2},"r":{"a":0,"k":0,"ix":10},"sa":{"a":0,"k":0},"o":{"a":0,"k":100,"ix":11}},"ef":[],"w":800,"h":800,"refId":"comp_0","ind":2,"parent":3},{"ty":0,"nm":"Line 3","sr":1,"st":19,"op":74,"ip":19,"hd":false,"ddd":0,"bm":0,"hasMask":false,"ao":0,"ks":{"a":{"a":0,"k":[400,400,0],"ix":1},"s":{"a":0,"k":[100,100,100],"ix":6},"sk":{"a":0,"k":0},"p":{"a":0,"k":[400,400,0],"ix":2},"r":{"a":0,"k":0,"ix":10},"sa":{"a":0,"k":0},"o":{"a":0,"k":100,"ix":11}},"ef":[],"w":800,"h":800,"refId":"comp_0","ind":3},{"ty":0,"nm":"Line 2","sr":1,"st":16,"op":71,"ip":16,"hd":false,"ddd":0,"bm":0,"hasMask":false,"ao":0,"ks":{"a":{"a":0,"k":[400,400,0],"ix":1},"s":{"a":0,"k":[100,100,100],"ix":6},"sk":{"a":0,"k":0},"p":{"a":0,"k":[330,400,0],"ix":2},"r":{"a":0,"k":0,"ix":10},"sa":{"a":0,"k":0},"o":{"a":0,"k":100,"ix":11}},"ef":[],"w":800,"h":800,"refId":"comp_0","ind":4,"parent":3},{"ty":0,"nm":"Line 1","sr":1,"st":13,"op":68,"ip":13,"hd":false,"ddd":0,"bm":0,"hasMask":false,"ao":0,"ks":{"a":{"a":0,"k":[400,400,0],"ix":1},"s":{"a":0,"k":[100,100,100],"ix":6},"sk":{"a":0,"k":0},"p":{"a":0,"k":[260,400,0],"ix":2},"r":{"a":0,"k":0,"ix":10},"sa":{"a":0,"k":0},"o":{"a":0,"k":100,"ix":11}},"ef":[],"w":800,"h":800,"refId":"comp_0","ind":5,"parent":3}],"v":"4.8.0","fr":25,"op":55,"ip":25,"assets":[{"nm":"","id":"comp_0","layers":[{"ty":4,"nm":"Line","sr":1,"st":0,"op":125,"ip":0,"hd":false,"ddd":0,"bm":0,"hasMask":false,"ao":0,"ks":{"a":{"a":0,"k":[-175,46,0],"ix":1},"s":{"a":0,"k":[100,100,100],"ix":6},"sk":{"a":0,"k":0},"p":{"a":0,"k":[400,400,0],"ix":2},"r":{"a":0,"k":90,"ix":10},"sa":{"a":0,"k":0},"o":{"a":1,"k":[{"o":{"x":0.538,"y":0},"i":{"x":0.453,"y":1},"s":[20],"t":0},{"o":{"x":0.538,"y":0},"i":{"x":0.667,"y":1},"s":[100],"t":15},{"o":{"x":0.538,"y":0},"i":{"x":0.453,"y":1},"s":[20],"t":30},{"o":{"x":0.538,"y":0},"i":{"x":0.667,"y":1},"s":[100],"t":45},{"s":[20],"t":60}],"ix":11}},"ef":[],"shapes":[{"ty":"gr","bm":0,"hd":false,"mn":"ADBE Vector Group","nm":"Shape 1","ix":1,"cix":2,"np":2,"it":[{"ty":"sh","bm":0,"hd":false,"mn":"ADBE Vector Shape - Group","nm":"Path 1","ix":1,"d":1,"ks":{"a":0,"k":{"c":false,"i":[[0,0],[-2,0]],"o":[[0,0],[2,0]],"v":[[-268,46],[-82,46]]},"ix":2}},{"ty":"st","bm":0,"hd":false,"mn":"ADBE Vector Graphic - Stroke","nm":"Stroke 1","lc":2,"lj":2,"ml":1,"o":{"a":0,"k":100,"ix":4},"w":{"a":0,"k":39,"ix":5},"c":{"a":0,"k":[0.0863,0.6392,0.2902],"ix":3}},{"ty":"tr","a":{"a":0,"k":[0,0],"ix":1},"s":{"a":0,"k":[100,100],"ix":3},"sk":{"a":0,"k":0,"ix":4},"p":{"a":0,"k":[0,0],"ix":2},"r":{"a":0,"k":0,"ix":6},"sa":{"a":0,"k":0,"ix":5},"o":{"a":0,"k":100,"ix":7}}]},{"ty":"tm","bm":0,"hd":false,"mn":"ADBE Vector Filter - Trim","nm":"Trim Paths 1","ix":2,"e":{"a":1,"k":[{"o":{"x":0.538,"y":0},"i":{"x":0.453,"y":1},"s":[55],"t":0},{"o":{"x":0.538,"y":0},"i":{"x":0.667,"y":1},"s":[100],"t":15},{"o":{"x":0.538,"y":0},"i":{"x":0.453,"y":1},"s":[55],"t":30},{"o":{"x":0.538,"y":0},"i":{"x":0.453,"y":1},"s":[100],"t":45},{"s":[55],"t":60}],"ix":2},"o":{"a":0,"k":0,"ix":3},"s":{"a":1,"k":[{"o":{"x":0.538,"y":0},"i":{"x":0.453,"y":1},"s":[45],"t":0},{"o":{"x":0.538,"y":0},"i":{"x":0.667,"y":1},"s":[0],"t":15},{"o":{"x":0.538,"y":0},"i":{"x":0.453,"y":1},"s":[45],"t":30},{"o":{"x":0.538,"y":0},"i":{"x":0.453,"y":1},"s":[0],"t":45},{"s":[45],"t":60}],"ix":1},"m":1}],"ind":1}]}]}